{
  "calc_bands": "True",
  "calc_dos": "True",
  "fermi_level": -3.2336,
  "num_band": 50,
  "k_data": ["15 0.3333333333333333 0.6666666666666667 0 0 0 0 K Γ", "15 0 0 0 0.5 0.5 0 Γ M", "15 0.5 0.5 0 0.3333333333333333 0.6666666666666667 0 M K"],
  "kmesh": [5,5,5],
  "epsilon": 0.2,
  "omegas": [-4,4,60]
}